{
"meta":{"test_sets":[],"test_metrics":[],"learn_metrics":[{"best_value":"Min","name":"RMSE"}],"launch_mode":"Train","parameters":"","iteration_count":500,"learn_sets":["learn"],"name":"experiment"},
"iterations":[
{"learn":[55640.64331],"iteration":0,"passed_time":0.004012888619,"remaining_time":2.002431421},
{"learn":[54185.22524],"iteration":1,"passed_time":0.00777344507,"remaining_time":1.935587822},
{"learn":[52861.11095],"iteration":2,"passed_time":0.01091275098,"remaining_time":1.807879078},
{"learn":[51723.41654],"iteration":3,"passed_time":0.01394202903,"remaining_time":1.728811599},
{"learn":[50859.2825],"iteration":4,"passed_time":0.01629835526,"remaining_time":1.613537171},
{"learn":[50106.08927],"iteration":5,"passed_time":0.01855770256,"remaining_time":1.527917511},
{"learn":[49417.81219],"iteration":6,"passed_time":0.0214938228,"remaining_time":1.513779234},
{"learn":[48843.47869],"iteration":7,"passed_time":0.02387272852,"remaining_time":1.468172804},
{"learn":[48079.38296],"iteration":8,"passed_time":0.02630435645,"remaining_time":1.43504878},
{"learn":[47362.23002],"iteration":9,"passed_time":0.02909040783,"remaining_time":1.425429983},
{"learn":[46836.59688],"iteration":10,"passed_time":0.0311794001,"remaining_time":1.386066059},
{"learn":[46502.07527],"iteration":11,"passed_time":0.03328554191,"remaining_time":1.353612038},
{"learn":[45873.85579],"iteration":12,"passed_time":0.0355997632,"remaining_time":1.333621898},
{"learn":[45392.28787],"iteration":13,"passed_time":0.0379529476,"remaining_time":1.317509467},
{"learn":[45000.76189],"iteration":14,"passed_time":0.04025777105,"remaining_time":1.301667931},
{"learn":[44615.78969],"iteration":15,"passed_time":0.04222608091,"remaining_time":1.277338948},
{"learn":[44315.01482],"iteration":16,"passed_time":0.04456447725,"remaining_time":1.266155442},
{"learn":[44087.43664],"iteration":17,"passed_time":0.04653014692,"remaining_time":1.245973934},
{"learn":[43672.474],"iteration":18,"passed_time":0.04856874719,"remaining_time":1.229556179},
{"learn":[43322.91098],"iteration":19,"passed_time":0.05049374468,"remaining_time":1.211849872},
{"learn":[43150.0731],"iteration":20,"passed_time":0.052809748,"remaining_time":1.204565204},
{"learn":[42979.23796],"iteration":21,"passed_time":0.05486658091,"remaining_time":1.192101167},
{"learn":[42789.13948],"iteration":22,"passed_time":0.05705563781,"remaining_time":1.183284315},
{"learn":[42640.41872],"iteration":23,"passed_time":0.05930591891,"remaining_time":1.176234058},
{"learn":[42475.68771],"iteration":24,"passed_time":0.06200183281,"remaining_time":1.178034823},
{"learn":[42256.49553],"iteration":25,"passed_time":0.06430047405,"remaining_time":1.172247104},
{"learn":[42120.13757],"iteration":26,"passed_time":0.06610988864,"remaining_time":1.158147308},
{"learn":[41924.70441],"iteration":27,"passed_time":0.06822539941,"remaining_time":1.150085304},
{"learn":[41701.25251],"iteration":28,"passed_time":0.07049087198,"remaining_time":1.14486899},
{"learn":[41466.11824],"iteration":29,"passed_time":0.07249635049,"remaining_time":1.135776158},
{"learn":[41391.13814],"iteration":30,"passed_time":0.07459080958,"remaining_time":1.128486764},
{"learn":[41297.48841],"iteration":31,"passed_time":0.07679755497,"remaining_time":1.123164241},
{"learn":[41212.79589],"iteration":32,"passed_time":0.07896400551,"remaining_time":1.11746032},
{"learn":[41157.60892],"iteration":33,"passed_time":0.08089869677,"remaining_time":1.10878802},
{"learn":[40987.73089],"iteration":34,"passed_time":0.08285974372,"remaining_time":1.100850881},
{"learn":[40857.65143],"iteration":35,"passed_time":0.0850559348,"remaining_time":1.096276493},
{"learn":[40797.95388],"iteration":36,"passed_time":0.08726150285,"remaining_time":1.091947995},
{"learn":[40742.6458],"iteration":37,"passed_time":0.08925812487,"remaining_time":1.085190887},
{"learn":[40571.05681],"iteration":38,"passed_time":0.09138792486,"remaining_time":1.080252137},
{"learn":[40398.04867],"iteration":39,"passed_time":0.09364393665,"remaining_time":1.076905271},
{"learn":[40337.7048],"iteration":40,"passed_time":0.09565289022,"remaining_time":1.070845771},
{"learn":[40074.80448],"iteration":41,"passed_time":0.09789113051,"remaining_time":1.067479471},
{"learn":[39945.65493],"iteration":42,"passed_time":0.09999109974,"remaining_time":1.062696107},
{"learn":[39890.92867],"iteration":43,"passed_time":0.1020431174,"remaining_time":1.057537763},
{"learn":[39799.34104],"iteration":44,"passed_time":0.1041184465,"remaining_time":1.052753181},
{"learn":[39737.84272],"iteration":45,"passed_time":0.1060185503,"remaining_time":1.046356996},
{"learn":[39696.54573],"iteration":46,"passed_time":0.1075985502,"remaining_time":1.037066878},
{"learn":[39514.96997],"iteration":47,"passed_time":0.1092737435,"remaining_time":1.028994418},
{"learn":[39450.11143],"iteration":48,"passed_time":0.1108802238,"remaining_time":1.020550631},
{"learn":[39389.99576],"iteration":49,"passed_time":0.1125640289,"remaining_time":1.01307626},
{"learn":[39303.09494],"iteration":50,"passed_time":0.114230105,"remaining_time":1.005672885},
{"learn":[39227.66097],"iteration":51,"passed_time":0.1155230691,"remaining_time":0.9952756721},
{"learn":[39125.87276],"iteration":52,"passed_time":0.1172068433,"remaining_time":0.9885180935},
{"learn":[38999.55538],"iteration":53,"passed_time":0.1188552991,"remaining_time":0.9816567294},
{"learn":[38909.45501],"iteration":54,"passed_time":0.1205639108,"remaining_time":0.975471642},
{"learn":[38833.11302],"iteration":55,"passed_time":0.1218756765,"remaining_time":0.9663000069},
{"learn":[38793.59404],"iteration":56,"passed_time":0.1234909977,"remaining_time":0.9597633683},
{"learn":[38719.9667],"iteration":57,"passed_time":0.1250957726,"remaining_time":0.9533160604},
{"learn":[38650.98358],"iteration":58,"passed_time":0.1267189983,"remaining_time":0.9471708179},
{"learn":[38586.69478],"iteration":59,"passed_time":0.1282491717,"remaining_time":0.9404939255},
{"learn":[38514.97331],"iteration":60,"passed_time":0.1298206692,"remaining_time":0.9342831768},
{"learn":[38468.55253],"iteration":61,"passed_time":0.1316523144,"remaining_time":0.9300598986},
{"learn":[38342.05008],"iteration":62,"passed_time":0.1338192546,"remaining_time":0.9282383215},
{"learn":[38299.21062],"iteration":63,"passed_time":0.1357789983,"remaining_time":0.9249944258},
{"learn":[38228.37832],"iteration":64,"passed_time":0.1374639755,"remaining_time":0.9199512206},
{"learn":[38061.66711],"iteration":65,"passed_time":0.1391922843,"remaining_time":0.9152947181},
{"learn":[37998.10035],"iteration":66,"passed_time":0.1407770638,"remaining_time":0.909798039},
{"learn":[37885.22691],"iteration":67,"passed_time":0.1424477923,"remaining_time":0.904962445},
{"learn":[37698.94935],"iteration":68,"passed_time":0.144133527,"remaining_time":0.9003123207},
{"learn":[37647.22289],"iteration":69,"passed_time":0.1458000991,"remaining_time":0.8956291803},
{"learn":[37600.61158],"iteration":70,"passed_time":0.1476602662,"remaining_time":0.8922007634},
{"learn":[37524.22251],"iteration":71,"passed_time":0.1493308736,"remaining_time":0.887689082},
{"learn":[37441.09509],"iteration":72,"passed_time":0.1510073392,"remaining_time":0.8832895046},
{"learn":[37351.42926],"iteration":73,"passed_time":0.1526916086,"remaining_time":0.8790084498},
{"learn":[37270.51045],"iteration":74,"passed_time":0.1542801848,"remaining_time":0.8742543804},
{"learn":[37211.05292],"iteration":75,"passed_time":0.1558216767,"remaining_time":0.8693209333},
{"learn":[37145.23931],"iteration":76,"passed_time":0.1574890773,"remaining_time":0.865167269},
{"learn":[36998.78591],"iteration":77,"passed_time":0.1592202068,"remaining_time":0.8614221444},
{"learn":[36965.88417],"iteration":78,"passed_time":0.1610048564,"remaining_time":0.8580132223},
{"learn":[36936.23635],"iteration":79,"passed_time":0.1634729637,"remaining_time":0.8582330595},
{"learn":[36866.85537],"iteration":80,"passed_time":0.1656605221,"remaining_time":0.8569352931},
{"learn":[36829.83001],"iteration":81,"passed_time":0.1675103706,"remaining_time":0.8538943284},
{"learn":[36754.87857],"iteration":82,"passed_time":0.1691695656,"remaining_time":0.849924203},
{"learn":[36659.45301],"iteration":83,"passed_time":0.170813606,"remaining_time":0.8459340486},
{"learn":[36555.37203],"iteration":84,"passed_time":0.1724491203,"remaining_time":0.8419574696},
{"learn":[36468.34665],"iteration":85,"passed_time":0.1741737672,"remaining_time":0.8384644141},
{"learn":[36356.15434],"iteration":86,"passed_time":0.1758716109,"remaining_time":0.8348847734},
{"learn":[36254.55946],"iteration":87,"passed_time":0.177440443,"remaining_time":0.8307438921},
{"learn":[36218.19842],"iteration":88,"passed_time":0.1791367332,"remaining_time":0.8272494083},
{"learn":[36159.38755],"iteration":89,"passed_time":0.1807897034,"remaining_time":0.8235975378},
{"learn":[36142.2343],"iteration":90,"passed_time":0.1825042644,"remaining_time":0.820266419},
{"learn":[35978.36894],"iteration":91,"passed_time":0.1841645468,"remaining_time":0.8167297294},
{"learn":[35950.68116],"iteration":92,"passed_time":0.185864359,"remaining_time":0.8134063884},
{"learn":[35860.37228],"iteration":93,"passed_time":0.188391246,"remaining_time":0.8136898497},
{"learn":[35745.57712],"iteration":94,"passed_time":0.1906160151,"remaining_time":0.8126261697},
{"learn":[35711.28031],"iteration":95,"passed_time":0.1928699481,"remaining_time":0.8116610316},
{"learn":[35535.40666],"iteration":96,"passed_time":0.1950243663,"remaining_time":0.8102558722},
{"learn":[35481.63835],"iteration":97,"passed_time":0.1975142434,"remaining_time":0.8102114882},
{"learn":[35454.08254],"iteration":98,"passed_time":0.2000448508,"remaining_time":0.8102826787},
{"learn":[35389.52685],"iteration":99,"passed_time":0.201752904,"remaining_time":0.8070116159},
{"learn":[35313.09656],"iteration":100,"passed_time":0.2033575293,"remaining_time":0.8033629128},
{"learn":[35300.41662],"iteration":101,"passed_time":0.2049909861,"remaining_time":0.7998667889},
{"learn":[35227.9813],"iteration":102,"passed_time":0.2075003538,"remaining_time":0.7997829171},
{"learn":[35142.67703],"iteration":103,"passed_time":0.2100881462,"remaining_time":0.7999510182},
{"learn":[35116.62207],"iteration":104,"passed_time":0.2125840688,"remaining_time":0.7997210207},
{"learn":[35076.63763],"iteration":105,"passed_time":0.2147294837,"remaining_time":0.7981454394},
{"learn":[35064.0113],"iteration":106,"passed_time":0.2164087896,"remaining_time":0.7948472365},
{"learn":[35039.59462],"iteration":107,"passed_time":0.2180244115,"remaining_time":0.791347864},
{"learn":[34977.79576],"iteration":108,"passed_time":0.2198575974,"remaining_time":0.7886634914},
{"learn":[34834.6942],"iteration":109,"passed_time":0.2220806077,"remaining_time":0.7873767},
{"learn":[34763.414],"iteration":110,"passed_time":0.2242438811,"remaining_time":0.7858636914},
{"learn":[34740.00491],"iteration":111,"passed_time":0.2264257244,"remaining_time":0.7844034025},
{"learn":[34669.14534],"iteration":112,"passed_time":0.2285246266,"remaining_time":0.7826462875},
{"learn":[34584.11779],"iteration":113,"passed_time":0.2300986476,"remaining_time":0.7791059472},
{"learn":[34548.50076],"iteration":114,"passed_time":0.2316923854,"remaining_time":0.7756658121},
{"learn":[34488.69558],"iteration":115,"passed_time":0.2333307757,"remaining_time":0.7724053265},
{"learn":[34455.05347],"iteration":116,"passed_time":0.235130529,"remaining_time":0.7697007916},
{"learn":[34404.38578],"iteration":117,"passed_time":0.2368452716,"remaining_time":0.7667363878},
{"learn":[34381.6614],"iteration":118,"passed_time":0.2384182144,"remaining_time":0.7633389889},
{"learn":[34354.78923],"iteration":119,"passed_time":0.2400557706,"remaining_time":0.7601766069},
{"learn":[34306.74656],"iteration":120,"passed_time":0.241686017,"remaining_time":0.7570165325},
{"learn":[34278.0672],"iteration":121,"passed_time":0.2436371572,"remaining_time":0.7548757823},
{"learn":[34273.44093],"iteration":122,"passed_time":0.2452480177,"remaining_time":0.7516951437},
{"learn":[34226.93323],"iteration":123,"passed_time":0.2468832325,"remaining_time":0.7486136727},
{"learn":[34131.50272],"iteration":124,"passed_time":0.2484793478,"remaining_time":0.7454380434},
{"learn":[34085.82698],"iteration":125,"passed_time":0.2501599489,"remaining_time":0.742538261},
{"learn":[34020.40748],"iteration":126,"passed_time":0.2518374463,"remaining_time":0.7396485627},
{"learn":[33935.61659],"iteration":127,"passed_time":0.2534712311,"remaining_time":0.7366507653},
{"learn":[33931.13734],"iteration":128,"passed_time":0.2556784272,"remaining_time":0.7353232286},
{"learn":[33871.19463],"iteration":129,"passed_time":0.25814603,"remaining_time":0.7347233161},
{"learn":[33815.88539],"iteration":130,"passed_time":0.2598521371,"remaining_time":0.7319499128},
{"learn":[33811.9676],"iteration":131,"passed_time":0.261499768,"remaining_time":0.7290296562},
{"learn":[33809.00571],"iteration":132,"passed_time":0.2631004082,"remaining_time":0.7259988707},
{"learn":[33767.13799],"iteration":133,"passed_time":0.2648171754,"remaining_time":0.7233066135},
{"learn":[33716.71389],"iteration":134,"passed_time":0.2666372069,"remaining_time":0.7209080038},
{"learn":[33636.7977],"iteration":135,"passed_time":0.2683125669,"remaining_time":0.7181306939},
{"learn":[33600.62238],"iteration":136,"passed_time":0.2699745312,"remaining_time":0.7153339768},
{"learn":[33571.49462],"iteration":137,"passed_time":0.2716068632,"remaining_time":0.7124759744},
{"learn":[33531.82633],"iteration":138,"passed_time":0.2732700156,"remaining_time":0.709715652},
{"learn":[33526.52028],"iteration":139,"passed_time":0.2752510893,"remaining_time":0.7077885152},
{"learn":[33522.5415],"iteration":140,"passed_time":0.2768977879,"remaining_time":0.7050092613},
{"learn":[33453.52824],"iteration":141,"passed_time":0.2802766741,"remaining_time":0.7066130236},
{"learn":[33412.08623],"iteration":142,"passed_time":0.2821661431,"remaining_time":0.7044287628},
{"learn":[33381.15872],"iteration":143,"passed_time":0.2838235391,"remaining_time":0.7016748607},
{"learn":[33312.22999],"iteration":144,"passed_time":0.2855872274,"remaining_time":0.6991963152},
{"learn":[33265.92494],"iteration":145,"passed_time":0.2872383498,"remaining_time":0.6964546289},
{"learn":[33190.67251],"iteration":146,"passed_time":0.2889265141,"remaining_time":0.6938167312},
{"learn":[33187.24741],"iteration":147,"passed_time":0.2905619009,"remaining_time":0.6910661428},
{"learn":[33147.03646],"iteration":148,"passed_time":0.2922247277,"remaining_time":0.688395164},
{"learn":[33082.332],"iteration":149,"passed_time":0.2938898218,"remaining_time":0.6857429175},
{"learn":[33079.36735],"iteration":150,"passed_time":0.29559558,"remaining_time":0.6831977313},
{"learn":[33037.42375],"iteration":151,"passed_time":0.2973249783,"remaining_time":0.6807177136},
{"learn":[32981.52086],"iteration":152,"passed_time":0.2989601562,"remaining_time":0.6780338184},
{"learn":[32933.25449],"iteration":153,"passed_time":0.3006190881,"remaining_time":0.6754169123},
{"learn":[32924.94466],"iteration":154,"passed_time":0.3022788773,"remaining_time":0.6728142754},
{"learn":[32922.88419],"iteration":155,"passed_time":0.3038213802,"remaining_time":0.6699650949},
{"learn":[32855.44534],"iteration":156,"passed_time":0.3054688058,"remaining_time":0.667361786},
{"learn":[32850.18474],"iteration":157,"passed_time":0.3072285318,"remaining_time":0.6650136574},
{"learn":[32826.58491],"iteration":158,"passed_time":0.3089073524,"remaining_time":0.6624994162},
{"learn":[32791.31699],"iteration":159,"passed_time":0.3105768707,"remaining_time":0.6599758503},
{"learn":[32742.40828],"iteration":160,"passed_time":0.3121470975,"remaining_time":0.6572538264},
{"learn":[32669.98636],"iteration":161,"passed_time":0.3138050249,"remaining_time":0.6547290026},
{"learn":[32615.54154],"iteration":162,"passed_time":0.3154931227,"remaining_time":0.6522771923},
{"learn":[32562.16714],"iteration":163,"passed_time":0.3172336861,"remaining_time":0.6499421861},
{"learn":[32502.81041],"iteration":164,"passed_time":0.3189386944,"remaining_time":0.6475421977},
{"learn":[32450.3441],"iteration":165,"passed_time":0.3205209516,"remaining_time":0.6449036013},
{"learn":[32414.35644],"iteration":166,"passed_time":0.3222748345,"remaining_time":0.6426198796},
{"learn":[32380.53584],"iteration":167,"passed_time":0.3242068816,"remaining_time":0.6406945517},
{"learn":[32362.31477],"iteration":168,"passed_time":0.3258584973,"remaining_time":0.638219897},
{"learn":[32360.4381],"iteration":169,"passed_time":0.3275171092,"remaining_time":0.635768506},
{"learn":[32356.46459],"iteration":170,"passed_time":0.3290916166,"remaining_time":0.6331645723},
{"learn":[32294.09087],"iteration":171,"passed_time":0.3307326908,"remaining_time":0.6306995499},
{"learn":[32292.37975],"iteration":172,"passed_time":0.3322394245,"remaining_time":0.6279901261},
{"learn":[32247.8341],"iteration":173,"passed_time":0.3337981506,"remaining_time":0.6253919374},
{"learn":[32205.52259],"iteration":174,"passed_time":0.3354280919,"remaining_time":0.6229378849},
{"learn":[32200.83772],"iteration":175,"passed_time":0.336845227,"remaining_time":0.6201014407},
{"learn":[32199.1478],"iteration":176,"passed_time":0.3384561372,"remaining_time":0.6176346459},
{"learn":[32145.5694],"iteration":177,"passed_time":0.3401774117,"remaining_time":0.6153771156},
{"learn":[32142.07389],"iteration":178,"passed_time":0.3417302207,"remaining_time":0.6128234684},
{"learn":[32090.20774],"iteration":179,"passed_time":0.3433105482,"remaining_time":0.6103298635},
{"learn":[32040.98728],"iteration":180,"passed_time":0.3450154186,"remaining_time":0.6080658483},
{"learn":[32006.0501],"iteration":181,"passed_time":0.3467106751,"remaining_time":0.6057911795},
{"learn":[31980.83185],"iteration":182,"passed_time":0.3483756821,"remaining_time":0.6034704439},
{"learn":[31953.84571],"iteration":183,"passed_time":0.3500330549,"remaining_time":0.6011437248},
{"learn":[31951.35359],"iteration":184,"passed_time":0.3515708404,"remaining_time":0.5986206202},
{"learn":[31864.86841],"iteration":185,"passed_time":0.3534159969,"remaining_time":0.5966270056},
{"learn":[31834.41306],"iteration":186,"passed_time":0.355203371,"remaining_time":0.5945382626},
{"learn":[31793.04751],"iteration":187,"passed_time":0.3568628855,"remaining_time":0.5922405334},
{"learn":[31747.08581],"iteration":188,"passed_time":0.3585881836,"remaining_time":0.5900578048},
{"learn":[31706.2158],"iteration":189,"passed_time":0.3602397311,"remaining_time":0.5877595613},
{"learn":[31699.00013],"iteration":190,"passed_time":0.3617763425,"remaining_time":0.5852821457},
{"learn":[31661.77973],"iteration":191,"passed_time":0.3635144907,"remaining_time":0.5831378288},
{"learn":[31618.73277],"iteration":192,"passed_time":0.3650490634,"remaining_time":0.5806738987},
{"learn":[31604.57413],"iteration":193,"passed_time":0.3666714686,"remaining_time":0.5783580897},
{"learn":[31564.58321],"iteration":194,"passed_time":0.3683312963,"remaining_time":0.576107925},
{"learn":[31558.63752],"iteration":195,"passed_time":0.3701893478,"remaining_time":0.5741712333},
{"learn":[31527.05546],"iteration":196,"passed_time":0.3719567821,"remaining_time":0.5720959644},
{"learn":[31525.20883],"iteration":197,"passed_time":0.3737869059,"remaining_time":0.5701194222},
{"learn":[31502.03028],"iteration":198,"passed_time":0.3754388027,"remaining_time":0.5678747719},
{"learn":[31465.64559],"iteration":199,"passed_time":0.37721675,"remaining_time":0.565825125},
{"learn":[31400.50025],"iteration":200,"passed_time":0.3789013006,"remaining_time":0.5636392481},
{"learn":[31326.93614],"iteration":201,"passed_time":0.3805988608,"remaining_time":0.5614775273},
{"learn":[31325.94637],"iteration":202,"passed_time":0.3822093836,"remaining_time":0.559193039},
{"learn":[31285.54224],"iteration":203,"passed_time":0.3841005251,"remaining_time":0.5573223305},
{"learn":[31284.3609],"iteration":204,"passed_time":0.3858741368,"remaining_time":0.5552822945},
{"learn":[31243.56944],"iteration":205,"passed_time":0.387801987,"remaining_time":0.5534649718},
{"learn":[31221.36475],"iteration":206,"passed_time":0.3895515905,"remaining_time":0.5513942803},
{"learn":[31220.50593],"iteration":207,"passed_time":0.3911814977,"remaining_time":0.549158641},
{"learn":[31178.27187],"iteration":208,"passed_time":0.3928993412,"remaining_time":0.5470512359},
{"learn":[31142.4191],"iteration":209,"passed_time":0.3946540996,"remaining_time":0.5449985185},
{"learn":[31141.50126],"iteration":210,"passed_time":0.3962025509,"remaining_time":0.5426660531},
{"learn":[31092.6904],"iteration":211,"passed_time":0.397830666,"remaining_time":0.5404492066},
{"learn":[31036.97592],"iteration":212,"passed_time":0.3995677114,"remaining_time":0.5383846627},
{"learn":[30946.27422],"iteration":213,"passed_time":0.4017174198,"remaining_time":0.5368746825},
{"learn":[30904.1608],"iteration":214,"passed_time":0.4036781395,"remaining_time":0.5351082314},
{"learn":[30854.40014],"iteration":215,"passed_time":0.4054884471,"remaining_time":0.5331422175},
{"learn":[30821.70022],"iteration":216,"passed_time":0.4072681256,"remaining_time":0.5311376937},
{"learn":[30802.39587],"iteration":217,"passed_time":0.4088732008,"remaining_time":0.5289093699},
{"learn":[30764.16334],"iteration":218,"passed_time":0.4105659193,"remaining_time":0.5267991933},
{"learn":[30762.31957],"iteration":219,"passed_time":0.4121024269,"remaining_time":0.5244939978},
{"learn":[30729.45786],"iteration":220,"passed_time":0.4137588393,"remaining_time":0.522347132},
{"learn":[30709.56097],"iteration":221,"passed_time":0.4154000975,"remaining_time":0.5201857077},
{"learn":[30682.80398],"iteration":222,"passed_time":0.4169853421,"remaining_time":0.5179593712},
{"learn":[30643.57517],"iteration":223,"passed_time":0.4188992636,"remaining_time":0.5161437355},
{"learn":[30607.12092],"iteration":224,"passed_time":0.4206028268,"remaining_time":0.5140701216},
{"learn":[30560.79513],"iteration":225,"passed_time":0.4222439002,"remaining_time":0.5119240205},
{"learn":[30532.92644],"iteration":226,"passed_time":0.4238813886,"remaining_time":0.5097780576},
{"learn":[30531.34598],"iteration":227,"passed_time":0.4254181644,"remaining_time":0.5075164066},
{"learn":[30514.37828],"iteration":228,"passed_time":0.4270208473,"remaining_time":0.5053390813},
{"learn":[30466.36375],"iteration":229,"passed_time":0.4287127694,"remaining_time":0.5032715119},
{"learn":[30465.44929],"iteration":230,"passed_time":0.4302465762,"remaining_time":0.5010230693},
{"learn":[30449.40528],"iteration":231,"passed_time":0.431843111,"remaining_time":0.4988532489},
{"learn":[30445.70837],"iteration":232,"passed_time":0.4334277729,"remaining_time":0.4966747441},
{"learn":[30399.4238],"iteration":233,"passed_time":0.4351656685,"remaining_time":0.4946755035},
{"learn":[30341.24128],"iteration":234,"passed_time":0.4369111605,"remaining_time":0.4926870533},
{"learn":[30323.32088],"iteration":235,"passed_time":0.4385528635,"remaining_time":0.4905845591},
{"learn":[30283.17042],"iteration":236,"passed_time":0.4402024974,"remaining_time":0.4884947545},
{"learn":[30258.78522],"iteration":237,"passed_time":0.4417612363,"remaining_time":0.4863085879},
{"learn":[30230.64303],"iteration":238,"passed_time":0.4434277932,"remaining_time":0.4842454143},
{"learn":[30168.44551],"iteration":239,"passed_time":0.4451037363,"remaining_time":0.4821957143},
{"learn":[30132.14212],"iteration":240,"passed_time":0.4467646884,"remaining_time":0.4801330054},
{"learn":[30094.27278],"iteration":241,"passed_time":0.4484626885,"remaining_time":0.4781131142},
{"learn":[30031.37697],"iteration":242,"passed_time":0.4504203041,"remaining_time":0.4763704451},
{"learn":[29993.44035],"iteration":243,"passed_time":0.4521408668,"remaining_time":0.4743773029},
{"learn":[29949.36613],"iteration":244,"passed_time":0.4538486397,"remaining_time":0.4723730739},
{"learn":[29892.34642],"iteration":245,"passed_time":0.4554924278,"remaining_time":0.4703051897},
{"learn":[29847.34836],"iteration":246,"passed_time":0.4573450449,"remaining_time":0.4684546411},
{"learn":[29820.73063],"iteration":247,"passed_time":0.4588405538,"remaining_time":0.4662412079},
{"learn":[29788.02032],"iteration":248,"passed_time":0.4605950956,"remaining_time":0.4642946546},
{"learn":[29756.6424],"iteration":249,"passed_time":0.4622067874,"remaining_time":0.4622067874},
{"learn":[29732.21968],"iteration":250,"passed_time":0.4639326192,"remaining_time":0.460235945},
{"learn":[29677.91649],"iteration":251,"passed_time":0.4655933504,"remaining_time":0.4582029798},
{"learn":[29631.3245],"iteration":252,"passed_time":0.4673513167,"remaining_time":0.4562678863},
{"learn":[29611.01084],"iteration":253,"passed_time":0.4690131483,"remaining_time":0.4542410806},
{"learn":[29565.02964],"iteration":254,"passed_time":0.4706456928,"remaining_time":0.4521889989},
{"learn":[29527.31514],"iteration":255,"passed_time":0.4724759221,"remaining_time":0.4503286132},
{"learn":[29489.19045],"iteration":256,"passed_time":0.4742129707,"remaining_time":0.4483803575},
{"learn":[29456.06166],"iteration":257,"passed_time":0.4758475198,"remaining_time":0.4463375961},
{"learn":[29415.85166],"iteration":258,"passed_time":0.477483636,"remaining_time":0.4442994451},
{"learn":[29382.89406],"iteration":259,"passed_time":0.4796857414,"remaining_time":0.4427868382},
{"learn":[29321.10809],"iteration":260,"passed_time":0.4813533517,"remaining_time":0.440779506},
{"learn":[29301.03221],"iteration":261,"passed_time":0.4831256498,"remaining_time":0.4388698651},
{"learn":[29253.94658],"iteration":262,"passed_time":0.4847296716,"remaining_time":0.4368096281},
{"learn":[29225.98237],"iteration":263,"passed_time":0.4864427577,"remaining_time":0.434850344},
{"learn":[29207.16042],"iteration":264,"passed_time":0.4887307769,"remaining_time":0.4334027644},
{"learn":[29206.57342],"iteration":265,"passed_time":0.4907922762,"remaining_time":0.4317495964},
{"learn":[29181.97264],"iteration":266,"passed_time":0.4936964829,"remaining_time":0.430828766},
{"learn":[29143.49564],"iteration":267,"passed_time":0.4959391394,"remaining_time":0.429320449},
{"learn":[29129.00849],"iteration":268,"passed_time":0.4975712328,"remaining_time":0.4272823598},
{"learn":[29104.03495],"iteration":269,"passed_time":0.4993880936,"remaining_time":0.4254046723},
{"learn":[29073.04563],"iteration":270,"passed_time":0.5010932451,"remaining_time":0.4234330373},
{"learn":[29036.9563],"iteration":271,"passed_time":0.5027276598,"remaining_time":0.4214040678},
{"learn":[29005.06971],"iteration":272,"passed_time":0.5044830201,"remaining_time":0.4194785552},
{"learn":[28972.97098],"iteration":273,"passed_time":0.506170542,"remaining_time":0.4174983303},
{"learn":[28966.12271],"iteration":274,"passed_time":0.507778855,"remaining_time":0.4154554268},
{"learn":[28965.30202],"iteration":275,"passed_time":0.510731109,"remaining_time":0.4145064073},
{"learn":[28930.10258],"iteration":276,"passed_time":0.5123778096,"remaining_time":0.4124918828},
{"learn":[28913.05073],"iteration":277,"passed_time":0.5141026578,"remaining_time":0.4105424102},
{"learn":[28904.25533],"iteration":278,"passed_time":0.5161804269,"remaining_time":0.4088741016},
{"learn":[28879.05994],"iteration":279,"passed_time":0.5183701427,"remaining_time":0.4072908264},
{"learn":[28856.95555],"iteration":280,"passed_time":0.5205881228,"remaining_time":0.405725263},
{"learn":[28824.05584],"iteration":281,"passed_time":0.5222821839,"remaining_time":0.4037500571},
{"learn":[28785.09125],"iteration":282,"passed_time":0.5239173682,"remaining_time":0.4017316922},
{"learn":[28753.49283],"iteration":283,"passed_time":0.5255740236,"remaining_time":0.399732356},
{"learn":[28679.98407],"iteration":284,"passed_time":0.5273423149,"remaining_time":0.3978196411},
{"learn":[28645.4752],"iteration":285,"passed_time":0.5290311521,"remaining_time":0.3958484845},
{"learn":[28591.70125],"iteration":286,"passed_time":0.5307551113,"remaining_time":0.3939053614},
{"learn":[28586.12224],"iteration":287,"passed_time":0.5319432497,"remaining_time":0.3915693366},
{"learn":[28552.81905],"iteration":288,"passed_time":0.5335804947,"remaining_time":0.3895691501},
{"learn":[28500.32011],"iteration":289,"passed_time":0.5352977364,"remaining_time":0.3876293953},
{"learn":[28457.41253],"iteration":290,"passed_time":0.5368493905,"remaining_time":0.3855722426},
{"learn":[28431.90223],"iteration":291,"passed_time":0.538496138,"remaining_time":0.3835862901},
{"learn":[28369.09254],"iteration":292,"passed_time":0.5401239744,"remaining_time":0.3815892925},
{"learn":[28346.94781],"iteration":293,"passed_time":0.5417971221,"remaining_time":0.3796265549},
{"learn":[28316.531],"iteration":294,"passed_time":0.5434194122,"remaining_time":0.377630439},
{"learn":[28286.95645],"iteration":295,"passed_time":0.545121231,"remaining_time":0.3756916592},
{"learn":[28242.80814],"iteration":296,"passed_time":0.5469168264,"remaining_time":0.3738185716},
{"learn":[28200.60676],"iteration":297,"passed_time":0.5485813859,"remaining_time":0.371857181},
{"learn":[28163.52046],"iteration":298,"passed_time":0.5502990983,"remaining_time":0.3699335076},
{"learn":[28113.51666],"iteration":299,"passed_time":0.5524064006,"remaining_time":0.3682709337},
{"learn":[28100.2679],"iteration":300,"passed_time":0.554045317,"remaining_time":0.3662957412},
{"learn":[28051.70416],"iteration":301,"passed_time":0.555679636,"remaining_time":0.3643197613},
{"learn":[28051.14619],"iteration":302,"passed_time":0.5572675051,"remaining_time":0.3623158367},
{"learn":[28022.60658],"iteration":303,"passed_time":0.558937892,"remaining_time":0.3603678514},
{"learn":[27992.0692],"iteration":304,"passed_time":0.5606246019,"remaining_time":0.3584321225},
{"learn":[27979.62169],"iteration":305,"passed_time":0.5622905778,"remaining_time":0.3564848761},
{"learn":[27917.5555],"iteration":306,"passed_time":0.5639321913,"remaining_time":0.3545241463},
{"learn":[27885.00189],"iteration":307,"passed_time":0.56555905,"remaining_time":0.3525562909},
{"learn":[27883.98624],"iteration":308,"passed_time":0.5671484831,"remaining_time":0.350567509},
{"learn":[27856.1961],"iteration":309,"passed_time":0.5687978588,"remaining_time":0.3486180425},
{"learn":[27819.17418],"iteration":310,"passed_time":0.5704751592,"remaining_time":0.3466874762},
{"learn":[27768.09992],"iteration":311,"passed_time":0.5724987409,"remaining_time":0.34496719},
{"learn":[27750.20237],"iteration":312,"passed_time":0.5754717531,"remaining_time":0.3438121975},
{"learn":[27719.1236],"iteration":313,"passed_time":0.5774196296,"remaining_time":0.3420383793},
{"learn":[27687.62446],"iteration":314,"passed_time":0.5791787436,"remaining_time":0.3401525954},
{"learn":[27664.51285],"iteration":315,"passed_time":0.5809045819,"remaining_time":0.3382482375},
{"learn":[27646.33384],"iteration":316,"passed_time":0.5825228452,"remaining_time":0.3362829043},
{"learn":[27569.6283],"iteration":317,"passed_time":0.5841021398,"remaining_time":0.3342974511},
{"learn":[27532.2565],"iteration":318,"passed_time":0.585761874,"remaining_time":0.3323601856},
{"learn":[27494.17862],"iteration":319,"passed_time":0.5873676057,"remaining_time":0.3303942782},
{"learn":[27443.34819],"iteration":320,"passed_time":0.5890737842,"remaining_time":0.3284866273},
{"learn":[27408.79375],"iteration":321,"passed_time":0.5909077424,"remaining_time":0.3266508638},
{"learn":[27402.52748],"iteration":322,"passed_time":0.5926024041,"remaining_time":0.3247387787},
{"learn":[27344.09825],"iteration":323,"passed_time":0.5943127429,"remaining_time":0.3228365517},
{"learn":[27322.91694],"iteration":324,"passed_time":0.5959582317,"remaining_time":0.3209005863},
{"learn":[27296.41318],"iteration":325,"passed_time":0.5976920595,"remaining_time":0.3190135532},
{"learn":[27295.76773],"iteration":326,"passed_time":0.5993038988,"remaining_time":0.3170629189},
{"learn":[27286.93883],"iteration":327,"passed_time":0.6009342226,"remaining_time":0.3151240436},
{"learn":[27283.49746],"iteration":328,"passed_time":0.6025270682,"remaining_time":0.3131675643},
{"learn":[27271.31866],"iteration":329,"passed_time":0.6041756262,"remaining_time":0.3112419893},
{"learn":[27241.41484],"iteration":330,"passed_time":0.6057853049,"remaining_time":0.3092982373},
{"learn":[27192.78868],"iteration":331,"passed_time":0.6074162783,"remaining_time":0.3073672734},
{"learn":[27178.24219],"iteration":332,"passed_time":0.6090144415,"remaining_time":0.3054216569},
{"learn":[27157.93111],"iteration":333,"passed_time":0.61076586,"remaining_time":0.3035542897},
{"learn":[27143.58642],"iteration":334,"passed_time":0.6125608474,"remaining_time":0.3017090741},
{"learn":[27133.79227],"iteration":335,"passed_time":0.6142098802,"remaining_time":0.2997929177},
{"learn":[27124.1424],"iteration":336,"passed_time":0.6157658916,"remaining_time":0.2978333541},
{"learn":[27093.44075],"iteration":337,"passed_time":0.6173945476,"remaining_time":0.2959109962},
{"learn":[27056.01803],"iteration":338,"passed_time":0.6190700267,"remaining_time":0.2940126086},
{"learn":[27010.10825],"iteration":339,"passed_time":0.6206723864,"remaining_time":0.292081123},
{"learn":[26987.89202],"iteration":340,"passed_time":0.6223756833,"remaining_time":0.2901986324},
{"learn":[26986.29889],"iteration":341,"passed_time":0.6238607959,"remaining_time":0.2882163911},
{"learn":[26956.59618],"iteration":342,"passed_time":0.6255108793,"remaining_time":0.2863125599},
{"learn":[26931.12972],"iteration":343,"passed_time":0.6273237353,"remaining_time":0.2844840195},
{"learn":[26905.2295],"iteration":344,"passed_time":0.6289601699,"remaining_time":0.2825763082},
{"learn":[26868.46084],"iteration":345,"passed_time":0.6305251252,"remaining_time":0.2806383505},
{"learn":[26842.81668],"iteration":346,"passed_time":0.6321764617,"remaining_time":0.2787406301},
{"learn":[26805.71501],"iteration":347,"passed_time":0.6337455192,"remaining_time":0.2768083877},
{"learn":[26771.46401],"iteration":348,"passed_time":0.6353686278,"remaining_time":0.2749016126},
{"learn":[26732.41729],"iteration":349,"passed_time":0.6370742128,"remaining_time":0.2730318055},
{"learn":[26681.23403],"iteration":350,"passed_time":0.6386816142,"remaining_time":0.271121255},
{"learn":[26653.59719],"iteration":351,"passed_time":0.6402928945,"remaining_time":0.2692140579},
{"learn":[26631.31369],"iteration":352,"passed_time":0.6421518386,"remaining_time":0.2674116722},
{"learn":[26606.18758],"iteration":353,"passed_time":0.6437889705,"remaining_time":0.265517485},
{"learn":[26572.35548],"iteration":354,"passed_time":0.6454158301,"remaining_time":0.2636205503},
{"learn":[26549.59021],"iteration":355,"passed_time":0.647033994,"remaining_time":0.2617216155},
{"learn":[26541.86066],"iteration":356,"passed_time":0.6487792715,"remaining_time":0.2598751704},
{"learn":[26505.36554],"iteration":357,"passed_time":0.6505374592,"remaining_time":0.2580344112},
{"learn":[26499.10873],"iteration":358,"passed_time":0.6526888983,"remaining_time":0.2563485645},
{"learn":[26476.83054],"iteration":359,"passed_time":0.6543392524,"remaining_time":0.2544652648},
{"learn":[26446.74581],"iteration":360,"passed_time":0.656043089,"remaining_time":0.2526038487},
{"learn":[26445.98408],"iteration":361,"passed_time":0.6578353429,"remaining_time":0.2507770092},
{"learn":[26415.63107],"iteration":362,"passed_time":0.6595734593,"remaining_time":0.2489299282},
{"learn":[26380.09577],"iteration":363,"passed_time":0.6612425221,"remaining_time":0.2470576456},
{"learn":[26360.89713],"iteration":364,"passed_time":0.6629086956,"remaining_time":0.245185408},
{"learn":[26347.97482],"iteration":365,"passed_time":0.6646691457,"remaining_time":0.2433488129},
{"learn":[26302.80982],"iteration":366,"passed_time":0.6663722846,"remaining_time":0.2414918634},
{"learn":[26278.14098],"iteration":367,"passed_time":0.6680293755,"remaining_time":0.2396192325},
{"learn":[26213.72206],"iteration":368,"passed_time":0.6696600935,"remaining_time":0.2377384072},
{"learn":[26192.31886],"iteration":369,"passed_time":0.6713695962,"remaining_time":0.2358866149},
{"learn":[26170.71434],"iteration":370,"passed_time":0.6730351607,"remaining_time":0.2340203119},
{"learn":[26134.93829],"iteration":371,"passed_time":0.6752029566,"remaining_time":0.232327899},
{"learn":[26091.07284],"iteration":372,"passed_time":0.6769699486,"remaining_time":0.2304964704},
{"learn":[26079.0318],"iteration":373,"passed_time":0.6789045717,"remaining_time":0.2287218611},
{"learn":[26052.09526],"iteration":374,"passed_time":0.680570665,"remaining_time":0.2268568883},
{"learn":[26021.68289],"iteration":375,"passed_time":0.682296798,"remaining_time":0.2250127738},
{"learn":[26003.87696],"iteration":376,"passed_time":0.6839956671,"remaining_time":0.2231603901},
{"learn":[25986.05262],"iteration":377,"passed_time":0.6856864849,"remaining_time":0.22130622},
{"learn":[25966.86363],"iteration":378,"passed_time":0.6875010086,"remaining_time":0.2194924064},
{"learn":[25949.06417],"iteration":379,"passed_time":0.6892151208,"remaining_time":0.2176468803},
{"learn":[25931.14376],"iteration":380,"passed_time":0.6910093985,"remaining_time":0.2158270825},
{"learn":[25902.65968],"iteration":381,"passed_time":0.6927483346,"remaining_time":0.2139903232},
{"learn":[25900.16726],"iteration":382,"passed_time":0.6943746095,"remaining_time":0.2121196588},
{"learn":[25875.47792],"iteration":383,"passed_time":0.6960981921,"remaining_time":0.2102796622},
{"learn":[25867.69672],"iteration":384,"passed_time":0.6977301788,"remaining_time":0.2084129106},
{"learn":[25840.71803],"iteration":385,"passed_time":0.6992956923,"remaining_time":0.2065277433},
{"learn":[25811.23842],"iteration":386,"passed_time":0.7010327353,"remaining_time":0.2046943129},
{"learn":[25797.42659],"iteration":387,"passed_time":0.7026890859,"remaining_time":0.2028380867},
{"learn":[25785.83506],"iteration":388,"passed_time":0.7043781678,"remaining_time":0.2009922278},
{"learn":[25755.31016],"iteration":389,"passed_time":0.706052472,"remaining_time":0.1991430049},
{"learn":[25732.59846],"iteration":390,"passed_time":0.7078229255,"remaining_time":0.1973214805},
{"learn":[25709.35425],"iteration":391,"passed_time":0.709483256,"remaining_time":0.1954698767},
{"learn":[25672.63689],"iteration":392,"passed_time":0.711128327,"remaining_time":0.1936150916},
{"learn":[25671.73739],"iteration":393,"passed_time":0.7127579675,"remaining_time":0.1917572197},
{"learn":[25647.24374],"iteration":394,"passed_time":0.714407923,"remaining_time":0.1899059036},
{"learn":[25644.35446],"iteration":395,"passed_time":0.7160150321,"remaining_time":0.1880443519},
{"learn":[25643.64706],"iteration":396,"passed_time":0.7175592609,"remaining_time":0.1861677679},
{"learn":[25617.73918],"iteration":397,"passed_time":0.7192081449,"remaining_time":0.1843196753},
{"learn":[25577.46771],"iteration":398,"passed_time":0.7208540339,"remaining_time":0.1824718231},
{"learn":[25568.98502],"iteration":399,"passed_time":0.7225767993,"remaining_time":0.1806441998},
{"learn":[25568.55618],"iteration":400,"passed_time":0.7240888876,"remaining_time":0.178765087},
{"learn":[25545.29009],"iteration":401,"passed_time":0.7257075808,"remaining_time":0.1769137883},
{"learn":[25511.80429],"iteration":402,"passed_time":0.7273039756,"remaining_time":0.175058277},
{"learn":[25494.98754],"iteration":403,"passed_time":0.7288801103,"remaining_time":0.1731992341},
{"learn":[25489.32239],"iteration":404,"passed_time":0.7304552774,"remaining_time":0.1713413614},
{"learn":[25464.28231],"iteration":405,"passed_time":0.7320978337,"remaining_time":0.1695004837},
{"learn":[25447.80925],"iteration":406,"passed_time":0.7337587401,"remaining_time":0.1676647735},
{"learn":[25416.34586],"iteration":407,"passed_time":0.7353952673,"remaining_time":0.165824423},
{"learn":[25388.64849],"iteration":408,"passed_time":0.7370212912,"remaining_time":0.1639827323},
{"learn":[25388.19433],"iteration":409,"passed_time":0.7388547004,"remaining_time":0.1621876172},
{"learn":[25355.58568],"iteration":410,"passed_time":0.7405926689,"remaining_time":0.1603716485},
{"learn":[25337.20483],"iteration":411,"passed_time":0.7423297825,"remaining_time":0.1585558759},
{"learn":[25304.75898],"iteration":412,"passed_time":0.7440602178,"remaining_time":0.1567390774},
{"learn":[25289.57781],"iteration":413,"passed_time":0.7457019183,"remaining_time":0.1549042632},
{"learn":[25249.94541],"iteration":414,"passed_time":0.7474931644,"remaining_time":0.1531010096},
{"learn":[25239.51914],"iteration":415,"passed_time":0.7497607418,"remaining_time":0.1513939959},
{"learn":[25215.39846],"iteration":416,"passed_time":0.7514384457,"remaining_time":0.1495668849},
{"learn":[25188.2066],"iteration":417,"passed_time":0.753159464,"remaining_time":0.1477489858},
{"learn":[25157.471],"iteration":418,"passed_time":0.7549079359,"remaining_time":0.1459368563},
{"learn":[25148.01392],"iteration":419,"passed_time":0.756551947,"remaining_time":0.1441051328},
{"learn":[25124.0567],"iteration":420,"passed_time":0.7582612219,"remaining_time":0.1422865476},
{"learn":[25115.91137],"iteration":421,"passed_time":0.7599245889,"remaining_time":0.1404599951},
{"learn":[25080.74368],"iteration":422,"passed_time":0.7615406748,"remaining_time":0.1386256075},
{"learn":[25040.43075],"iteration":423,"passed_time":0.7631992269,"remaining_time":0.1367998614},
{"learn":[25028.14469],"iteration":424,"passed_time":0.7647710072,"remaining_time":0.1349595895},
{"learn":[25022.56475],"iteration":425,"passed_time":0.7663693015,"remaining_time":0.1331251838},
{"learn":[25001.84197],"iteration":426,"passed_time":0.7679941613,"remaining_time":0.1312964257},
{"learn":[24998.77339],"iteration":427,"passed_time":0.7696208845,"remaining_time":0.1294689338},
{"learn":[24995.69531],"iteration":428,"passed_time":0.7720858619,"remaining_time":0.12778111},
{"learn":[24980.85543],"iteration":429,"passed_time":0.7740171235,"remaining_time":0.1260027875},
{"learn":[24980.23267],"iteration":430,"passed_time":0.7757203409,"remaining_time":0.1241872472},
{"learn":[24961.90909],"iteration":431,"passed_time":0.7779630018,"remaining_time":0.1224571392},
{"learn":[24959.08363],"iteration":432,"passed_time":0.779495574,"remaining_time":0.1206147886},
{"learn":[24939.56745],"iteration":433,"passed_time":0.7817929517,"remaining_time":0.1188901724},
{"learn":[24922.77433],"iteration":434,"passed_time":0.7835012791,"remaining_time":0.1170749038},
{"learn":[24909.20337],"iteration":435,"passed_time":0.7852281792,"remaining_time":0.115262852},
{"learn":[24899.933],"iteration":436,"passed_time":0.7870254796,"remaining_time":0.1134613392},
{"learn":[24842.3285],"iteration":437,"passed_time":0.7887977977,"remaining_time":0.1116563093},
{"learn":[24823.44345],"iteration":438,"passed_time":0.790468865,"remaining_time":0.1098373594},
{"learn":[24801.60917],"iteration":439,"passed_time":0.7920772706,"remaining_time":0.1080105369},
{"learn":[24796.79983],"iteration":440,"passed_time":0.7936433378,"remaining_time":0.1061790407},
{"learn":[24783.29643],"iteration":441,"passed_time":0.7952595143,"remaining_time":0.1043553209},
{"learn":[24765.21064],"iteration":442,"passed_time":0.7970249445,"remaining_time":0.1025517423},
{"learn":[24731.53861],"iteration":443,"passed_time":0.7986120072,"remaining_time":0.1007258388},
{"learn":[24706.5978],"iteration":444,"passed_time":0.8002210099,"remaining_time":0.09890372032},
{"learn":[24690.58584],"iteration":445,"passed_time":0.8018621502,"remaining_time":0.09708644868},
{"learn":[24667.41029],"iteration":446,"passed_time":0.8035781488,"remaining_time":0.0952788409},
{"learn":[24657.2669],"iteration":447,"passed_time":0.8057169556,"remaining_time":0.09352071806},
{"learn":[24635.97942],"iteration":448,"passed_time":0.8076881575,"remaining_time":0.09174186198},
{"learn":[24617.36155],"iteration":449,"passed_time":0.8093420668,"remaining_time":0.08992689631},
{"learn":[24613.44001],"iteration":450,"passed_time":0.8108667324,"remaining_time":0.08809860286},
{"learn":[24588.4227],"iteration":451,"passed_time":0.8125200407,"remaining_time":0.08628531406},
{"learn":[24567.26215],"iteration":452,"passed_time":0.8142258779,"remaining_time":0.0844781816},
{"learn":[24552.67725],"iteration":453,"passed_time":0.8158428316,"remaining_time":0.08266248954},
{"learn":[24540.73048],"iteration":454,"passed_time":0.8173452032,"remaining_time":0.08083633878},
{"learn":[24519.44704],"iteration":455,"passed_time":0.8192583668,"remaining_time":0.07905124592},
{"learn":[24516.08739],"iteration":456,"passed_time":0.8208466005,"remaining_time":0.0772350193},
{"learn":[24505.86919],"iteration":457,"passed_time":0.8225070426,"remaining_time":0.07542641002},
{"learn":[24466.66921],"iteration":458,"passed_time":0.8241513127,"remaining_time":0.07361700179},
{"learn":[24448.86495],"iteration":459,"passed_time":0.8258552159,"remaining_time":0.07181349703},
{"learn":[24444.82015],"iteration":460,"passed_time":0.8274890155,"remaining_time":0.07000449372},
{"learn":[24422.89818],"iteration":461,"passed_time":0.8291044093,"remaining_time":0.06819473496},
{"learn":[24409.00212],"iteration":462,"passed_time":0.8307735571,"remaining_time":0.06639011147},
{"learn":[24396.08735],"iteration":463,"passed_time":0.8324207874,"remaining_time":0.06458437144},
{"learn":[24395.0897],"iteration":464,"passed_time":0.8341025005,"remaining_time":0.06278190864},
{"learn":[24377.86235],"iteration":465,"passed_time":0.8359547366,"remaining_time":0.06099240567},
{"learn":[24359.51124],"iteration":466,"passed_time":0.8376869487,"remaining_time":0.05919415269},
{"learn":[24336.41828],"iteration":467,"passed_time":0.8392855246,"remaining_time":0.05738704442},
{"learn":[24328.29397],"iteration":468,"passed_time":0.8408931502,"remaining_time":0.05558142357},
{"learn":[24312.53474],"iteration":469,"passed_time":0.8425002982,"remaining_time":0.05377661478},
{"learn":[24293.36733],"iteration":470,"passed_time":0.8441061674,"remaining_time":0.05197256657},
{"learn":[24269.21355],"iteration":471,"passed_time":0.8464451966,"remaining_time":0.05021285064},
{"learn":[24252.67932],"iteration":472,"passed_time":0.8480011425,"remaining_time":0.04840598488},
{"learn":[24252.23534],"iteration":473,"passed_time":0.8498187275,"remaining_time":0.04661452936},
{"learn":[24251.93287],"iteration":474,"passed_time":0.8513717907,"remaining_time":0.04480904162},
{"learn":[24233.95484],"iteration":475,"passed_time":0.8530423043,"remaining_time":0.04301053635},
{"learn":[24216.93118],"iteration":476,"passed_time":0.8547143966,"remaining_time":0.04121264386},
{"learn":[24195.77515],"iteration":477,"passed_time":0.856354846,"remaining_time":0.03941382136},
{"learn":[24167.94258],"iteration":478,"passed_time":0.8579814533,"remaining_time":0.03761505328},
{"learn":[24158.88623],"iteration":479,"passed_time":0.8596254893,"remaining_time":0.03581772872},
{"learn":[24138.59062],"iteration":480,"passed_time":0.861344383,"remaining_time":0.0340239985},
{"learn":[24112.96698],"iteration":481,"passed_time":0.8629774937,"remaining_time":0.03222737528},
{"learn":[24091.60372],"iteration":482,"passed_time":0.8647878984,"remaining_time":0.0304376693},
{"learn":[24052.42866],"iteration":483,"passed_time":0.8669794363,"remaining_time":0.02866047723},
{"learn":[24050.53475],"iteration":484,"passed_time":0.8686433181,"remaining_time":0.02686525726},
{"learn":[24009.55346],"iteration":485,"passed_time":0.8703204686,"remaining_time":0.02507096},
{"learn":[23989.19452],"iteration":486,"passed_time":0.8720036381,"remaining_time":0.02327730451},
{"learn":[23968.50411],"iteration":487,"passed_time":0.8737506034,"remaining_time":0.02148567058},
{"learn":[23940.72313],"iteration":488,"passed_time":0.8754214502,"remaining_time":0.01969250706},
{"learn":[23911.83258],"iteration":489,"passed_time":0.8770783479,"remaining_time":0.01789955812},
{"learn":[23876.52241],"iteration":490,"passed_time":0.8788588668,"remaining_time":0.01610942933},
{"learn":[23863.953],"iteration":491,"passed_time":0.8805131924,"remaining_time":0.01431728768},
{"learn":[23841.73417],"iteration":492,"passed_time":0.8822953415,"remaining_time":0.01252752006},
{"learn":[23815.60618],"iteration":493,"passed_time":0.8839680373,"remaining_time":0.01073645389},
{"learn":[23808.76798],"iteration":494,"passed_time":0.8855699049,"remaining_time":0.008945150555},
{"learn":[23777.71436],"iteration":495,"passed_time":0.8871594683,"remaining_time":0.007154511841},
{"learn":[23772.13026],"iteration":496,"passed_time":0.8887631749,"remaining_time":0.005364767656},
{"learn":[23760.46911],"iteration":497,"passed_time":0.8904048217,"remaining_time":0.003575922979},
{"learn":[23735.13157],"iteration":498,"passed_time":0.8920512352,"remaining_time":0.001787677826},
{"learn":[23708.07964],"iteration":499,"passed_time":0.893760572,"remaining_time":0}
]}